{"cameraMode":{"drawMode":0,"name":"Shaded","section":"Shading Mode"},"sceneLighting":true,"audioPlay":false,"sceneViewState":{"m_AlwaysRefresh":false,"showFog":true,"showSkybox":true,"showFlares":true,"showImageEffects":true,"showParticleSystems":true,"showVisualEffectGraphs":true,"m_FxEnabled":true},"in2DMode":false,"pivot":{"x":-1.9787163734436036,"y":-4.1444878578186039,"z":2.3553683757781984},"rotation":{"x":0.012458504177629948,"y":0.9775760769844055,"z":-0.20132307708263398,"w":0.06048735976219177},"size":13.772611618041993,"orthographic":false}