{"cameraMode":{"drawMode":0,"name":"Shaded","section":"Shading Mode"},"sceneLighting":true,"audioPlay":false,"sceneViewState":{"m_AlwaysRefresh":false,"showFog":true,"showSkybox":true,"showFlares":true,"showImageEffects":true,"showParticleSystems":true,"showVisualEffectGraphs":true,"m_FxEnabled":true},"in2DMode":false,"pivot":{"x":-1.4218904972076417,"y":4.6448140144348148,"z":22.740236282348634},"rotation":{"x":0.02151026763021946,"y":-0.2931559681892395,"z":0.006594408303499222,"w":0.9558055996894836},"size":36.018062591552737,"orthographic":false}