{"cameraMode":{"drawMode":0,"name":"Shaded","section":"Shading Mode"},"sceneLighting":true,"audioPlay":false,"sceneViewState":{"m_AlwaysRefresh":false,"showFog":true,"showSkybox":true,"showFlares":true,"showImageEffects":true,"showParticleSystems":true,"showVisualEffectGraphs":true,"m_FxEnabled":true},"in2DMode":false,"pivot":{"x":-1.2915693521499634,"y":0.22439250349998475,"z":24.970783233642579},"rotation":{"x":-0.3211531639099121,"y":-0.34456029534339907,"z":0.12676529586315156,"w":-0.873031735420227},"size":4.6421637535095219,"orthographic":false}