{"cameraMode":{"drawMode":0,"name":"Shaded","section":"Shading Mode"},"sceneLighting":true,"audioPlay":false,"sceneViewState":{"m_AlwaysRefresh":false,"showFog":true,"showSkybox":true,"showFlares":true,"showImageEffects":true,"showParticleSystems":true,"showVisualEffectGraphs":true,"m_FxEnabled":true},"in2DMode":false,"pivot":{"x":-1.2670445442199708,"y":0.21121874451637269,"z":24.95147132873535},"rotation":{"x":-0.10445473343133927,"y":0.08255190402269364,"z":-0.008689042180776596,"w":-0.991127073764801},"size":22.489091873168947,"orthographic":false}